<?xml version="1.0"?>
<DEFINITIONS>
  <CLASS Name="CACLALearner">
    <BRANCH Name="Alpha" Class="NumericValue-Factory" Comment="Learning gain [0..1]"/>
    <BRANCH Name="Policy" Class="Policy-Factory" Comment="The policy to be learned"/>
  </CLASS>
  <CLASS Name="IncrementalNaturalActorCritic">
    <BRANCH Name="VFunction" Class="LinearStateVFA" Comment="The Value-function"/>
    <BRANCH Name="V-ETraces" Class="ETraces" Comment="Traces used by the critic" Optional="True"/>
    <BRANCH Name="Alpha-v" Class="NumericValue-Factory" Comment="Learning gain used by the critic"/>
    <BRANCH Name="Alpha-r" Class="NumericValue-Factory" Comment="Learning gain used to average the reward"/>
    <BRANCH Name="Alpha-u" Class="NumericValue-Factory" Comment="Learning gain used by the actor"/>
    <MULTI-VALUED Name="Policy" Class="Policy-Factory" Comment="The policy"/>
  </CLASS>
  <CLASS Name="OffPolicyActorCritic">
    <BRANCH Name="VFunction" Class="LinearStateVFA" Comment="The Value-function"/>
    <BRANCH Name="ETraces" Class="ETraces" Comment="Traces used by the critic and the actor" Optional="True"/>
    <BRANCH Name="Alpha-v" Class="NumericValue-Factory" Comment="Learning gain used by the critic"/>
    <BRANCH Name="Alpha-w" Class="NumericValue-Factory" Comment="Learning gain used to average the reward"/>
    <BRANCH Name="Alpha-u" Class="NumericValue-Factory" Comment="Learning gain used by the actor"/>
    <MULTI-VALUED Name="Policy" Class="Policy-Factory" Comment="The policy"/>
  </CLASS>
  <CLASS Name="OffPolicyDeterministicActorCritic">
    <BRANCH Name="QFunction" Class="LinearStateActionVFA" Comment="The Q-function"/>
    <BRANCH Name="Alpha-w" Class="NumericValue-Factory" Comment="Learning gain used by the critic"/>
    <BRANCH Name="Alpha-theta" Class="NumericValue-Factory" Comment="Learning gain used by the actor"/>
    <MULTI-VALUED Name="Policy" Class="DeterministicPolicy-Factory" Comment="The deterministic policy"/>
  </CLASS>
  <CLASS Name="ActorCritic">
    <BRANCH Name="Actor" Class="Actor" Comment="The actor"/>
    <BRANCH Name="Critic" Class="ICritic-Factory" Comment="The critic"/>
  </CLASS>
  <CLASS Name="RegularPolicyGradientLearner">
    <BRANCH Name="Alpha" Class="NumericValue-Factory" Comment="The learning gain"/>
    <BRANCH Name="Policy" Class="Policy-Factory" Comment="The policy to be learned"/>
  </CLASS>
  <CLASS Name="Actor">
    <BRANCH Name="Base-Controller" Class="Controller-Factory" Comment="The base controller used to initialize the weights of the actor" Optional="True"/>
    <MULTI-VALUED Name="Output" Class="PolicyLearner-Factory" Comment="The outputs of the actor. One for each output dimension"/>
  </CLASS>
  <CLASS Name="SimionApp">
    <BRANCH Name="Log" Class="Logger" Comment="The logger class"/>
    <BRANCH Name="World" Class="World" Comment="The simulation environment and its parameters"/>
    <BRANCH Name="Experiment" Class="Experiment" Comment="The parameters of the experiment"/>
    <BRANCH Name="SimGod" Class="SimGod" Comment="The omniscient class that controls all aspects of the simulation process"/>
  </CLASS>
  <CLASS Name="AsyncQLearning">
    <INTEGER-VALUE Name="i-async-update" Comment="Steps before the network's weights are updated by the optimizer with the accumulated DeltaTheta" Default="1"/>
    <INTEGER-VALUE Name="i-target" Comment="Steps before the target network's weights are updated" Default="1"/>
    <NEURAL-NETWORK Name="neural-network" Comment="Neural Network Architecture" Default=""/>
    <ACTION-VAR-REF Name="Output-Action" Comment="The output action variable"/>
    <BRANCH Name="experience-replay" Class="ExperienceReplay" Comment="Experience replay"/>
    <BRANCH Name="Policy" Class="DiscreteDeepPolicy-Factory" Comment="The policy"/>
  </CLASS>
  <CLASS Name="LQRGain">
    <DOUBLE-VALUE Name="Gain" Comment="The gain applied to the input state variable" Default="0.1"/>
    <STATE-VAR-REF Name="Variable" Comment="The input state variable"/>
  </CLASS>
  <CLASS Name="LQRController">
    <ACTION-VAR-REF Name="Output-Action" Comment="The output action"/>
    <MULTI-VALUED Name="LQR-Gain" Class="LQRGain" Comment="An LQR gain on an input state variable"/>
  </CLASS>
  <CLASS Name="PIDController">
    <STATE-VAR-REF Name="Input-Variable" Comment="The input state variable"/>
    <ACTION-VAR-REF Name="Output-Action" Comment="The output action"/>
    <BRANCH Name="KP" Class="NumericValue-Factory" Comment="Proportional gain"/>
    <BRANCH Name="KI" Class="NumericValue-Factory" Comment="Integral gain"/>
    <BRANCH Name="KD" Class="NumericValue-Factory" Comment="Derivative gain"/>
  </CLASS>
  <CLASS Name="WindTurbineVidalController">
    <BRANCH Name="A" Class="NumericValue-Factory" Comment="A parameter of the torque controller"/>
    <BRANCH Name="K_alpha" Class="NumericValue-Factory" Comment="K_alpha parameter of the torque controller"/>
    <BRANCH Name="KP" Class="NumericValue-Factory" Comment="Proportional gain of the pitch controller"/>
    <BRANCH Name="KI" Class="NumericValue-Factory" Comment="Integral gain of the pitch controller"/>
  </CLASS>
  <CLASS Name="WindTurbineBoukhezzarController">
    <BRANCH Name="C_0" Class="NumericValue-Factory" Comment="C_0 parameter"/>
    <BRANCH Name="KP" Class="NumericValue-Factory" Comment="Proportional gain of the pitch controller"/>
    <BRANCH Name="KI" Class="NumericValue-Factory" Comment="Integral gain of the pitch controller"/>
  </CLASS>
  <CLASS Name="WindTurbineJonkmanController">
    <DOUBLE-VALUE Name="CornerFreq" Comment="Corner Freq. parameter" Default="1.570796"/>
    <DOUBLE-VALUE Name="VS_SlPc" Comment="SIPc parameter" Default="10.0"/>
    <DOUBLE-VALUE Name="VS_Rgn2K" Comment="Rgn2K parameter" Default="2.332287"/>
    <DOUBLE-VALUE Name="VS_Rgn2Sp" Comment="Rgn2Sp parameter" Default="91.21091"/>
    <DOUBLE-VALUE Name="VS_CtInSp" Comment="CtlnSp parameter" Default="70.16224"/>
    <DOUBLE-VALUE Name="VS_Rgn3MP" Comment="Rgn3MP parameter" Default="0.01745329"/>
    <DOUBLE-VALUE Name="PC_RefSpd" Comment="Pitch control reference speed" Default="122.9096"/>
    <BRANCH Name="PC_KK" Class="NumericValue-Factory" Comment="Pitch angle were the the derivative of the..."/>
    <BRANCH Name="PC_KP" Class="NumericValue-Factory" Comment="Proportional gain of the pitch controller"/>
    <BRANCH Name="PC_KI" Class="NumericValue-Factory" Comment="Integral gain of the pitch controller"/>
  </CLASS>
  <CLASS Name="Controller-Factory">
    <CHOICE Name="Controller" Class="Controller" Comment="The specific controller to be used">
      <CHOICE-ELEMENT Name="PID" Class="PIDController"/>
      <CHOICE-ELEMENT Name="LQR" Class="LQRController"/>
      <CHOICE-ELEMENT Name="Jonkman" Class="WindTurbineJonkmanController"/>
      <CHOICE-ELEMENT Name="Vidal" Class="WindTurbineVidalController"/>
      <CHOICE-ELEMENT Name="Boukhezzar" Class="WindTurbineBoukhezzarController"/>
    </CHOICE>
  </CLASS>
  <CLASS Name="TDLambdaCritic">
    <BRANCH Name="E-Traces" Class="ETraces" Comment="Eligibility traces of the critic" Optional="True"/>
    <BRANCH Name="Alpha" Class="NumericValue-Factory" Comment="Learning gain"/>
    <BRANCH Name="V-Function" Class="LinearStateVFA" Comment="The V-function to be learned"/>
  </CLASS>
  <CLASS Name="TDCLambdaCritic">
    <BRANCH Name="E-Traces" Class="ETraces" Comment="Elilgibility traces of the critic" Optional="True"/>
    <BRANCH Name="Alpha" Class="NumericValue-Factory" Comment="Learning gain of the critic"/>
    <BRANCH Name="Beta" Class="NumericValue-Factory" Comment="Learning gain applied to the omega vector"/>
    <BRANCH Name="V-Function" Class="LinearStateVFA" Comment="The V-function to be learned"/>
  </CLASS>
  <CLASS Name="TrueOnlineTDLambdaCritic">
    <BRANCH Name="E-Traces" Class="ETraces" Comment="Eligibility traces of the critic" Optional="True"/>
    <BRANCH Name="Alpha" Class="NumericValue-Factory" Comment="Learning gain of the critic"/>
    <BRANCH Name="V-Function" Class="LinearStateVFA" Comment="The V-function to be learned"/>
  </CLASS>
  <CLASS Name="VLearnerCritic">
    <BRANCH Name="V-Function" Class="LinearStateVFA" Comment="The V-function to be learned"/>
  </CLASS>
  <CLASS Name="ICritic-Factory">
    <CHOICE Name="Critic" Class="ICritic" Comment="Critic type">
      <CHOICE-ELEMENT Name="TD-Lambda" Class="TDLambdaCritic"/>
      <CHOICE-ELEMENT Name="True-Online-TD-Lambda" Class="TrueOnlineTDLambdaCritic"/>
      <CHOICE-ELEMENT Name="TDC-Lambda" Class="TDCLambdaCritic"/>
      <CHOICE-ELEMENT Name="Q-Learning" Class="QLearningCritic"/>
    </CHOICE>
  </CLASS>
  <CLASS Name="DDPG">
    <DOUBLE-VALUE Name="Tau" Comment="The rate by which the target weights approach the online weights" Default="0.001"/>
    <DOUBLE-VALUE Name="Learning-Rate" Comment="The learning rate at which the agent learns" Default="0.000001"/>
    <NEURAL-NETWORK Name="Critic-Network" Comment="Neural Network for the Critic -a Q function-" Default=""/>
    <NEURAL-NETWORK Name="Actor-Network" Comment="Neural Network for the Actor -deterministic policy-" Default=""/>
    <MULTI-VALUED Name="Input-State" Class="STATE-VAR-REF" Comment="Set of state variables used as input"/>
    <MULTI-VALUED Name="Output-Action" Class="ACTION-VAR-REF" Comment="The output action variable"/>
    <BRANCH Name="Exploration-Noise" Class="Noise-Factory" Comment="Noise added to the output of the policy"/>
  </CLASS>
  <CLASS Name="DiscreteDeepPolicy">
  </CLASS>
  <CLASS Name="DiscreteEpsilonGreedyDeepPolicy">
    <BRANCH Name="epsilon" Class="NumericValue-Factory" Comment="Epsilon"/>
  </CLASS>
  <CLASS Name="DiscreteSoftmaxDeepPolicy">
    <BRANCH Name="temperature" Class="NumericValue-Factory" Comment="Tempreature"/>
  </CLASS>
  <CLASS Name="DiscreteDeepPolicy-Factory">
    <CHOICE Name="Policy" Class="DiscreteDeepPolicy" Comment="The policy type">
      <CHOICE-ELEMENT Name="Discrete-Epsilon-Greedy-Deep-Policy" Class="DiscreteEpsilonGreedyDeepPolicy"/>
      <CHOICE-ELEMENT Name="Discrete-Softmax-Deep-Policy" Class="DiscreteSoftmaxDeepPolicy"/>
    </CHOICE>
  </CLASS>
  <CLASS Name="DQN">
    <INTEGER-VALUE Name="Num-Action-Steps" Comment="Number of discrete values used for the output action" Default="2"/>
    <DOUBLE-VALUE Name="Learning-Rate" Comment="The learning rate at which the agent learns" Default="0.000001"/>
    <NEURAL-NETWORK Name="neural-network" Comment="Neural Network Architecture" Default=""/>
    <ACTION-VAR-REF Name="Output-Action" Comment="The output action variable"/>
    <MULTI-VALUED Name="Input-State" Class="STATE-VAR-REF" Comment="Set of variables used as input of the QNetwork"/>
    <BRANCH Name="Policy" Class="DiscreteDeepPolicy-Factory" Comment="The policy"/>
  </CLASS>
  <CLASS Name="DoubleDQN">
    <INTEGER-VALUE Name="Num-Action-Steps" Comment="Number of discrete values used for the output action" Default="2"/>
    <DOUBLE-VALUE Name="Learning-Rate" Comment="The learning rate at which the agent learns" Default="0.000001"/>
    <NEURAL-NETWORK Name="neural-network" Comment="Neural Network Architecture" Default=""/>
    <ACTION-VAR-REF Name="Output-Action" Comment="The output action variable"/>
    <MULTI-VALUED Name="Input-State" Class="STATE-VAR-REF" Comment="Set of variables used as input of the QNetwork"/>
    <BRANCH Name="Policy" Class="DiscreteDeepPolicy-Factory" Comment="The policy"/>
  </CLASS>
  <CLASS Name="ETraces">
    <DOUBLE-VALUE Name="Threshold" Comment="Threshold applied to trace factors" Default="0.001"/>
    <DOUBLE-VALUE Name="Lambda" Comment="Lambda parameter" Default="0.9"/>
    <BOOL-VALUE Name="Replace" Comment="Replace existing traces? Or add?" Default="true"/>
  </CLASS>
  <CLASS Name="ExperienceReplay">
    <INTEGER-VALUE Name="Buffer-Size" Comment="Size of the buffer used to store experience tuples" Default="1000"/>
    <INTEGER-VALUE Name="Update-Batch-Size" Comment="Number of tuples used each time-step in the update" Default="10"/>
  </CLASS>
  <CLASS Name="Experiment">
    <INTEGER-VALUE Name="Random-Seed" Comment="Random seed used to generate random sequences of numbers" Default="1"/>
    <INTEGER-VALUE Name="Num-Episodes" Comment="Number of episodes. Zero if we only want to run one evaluation episode" Default="1000"/>
    <INTEGER-VALUE Name="Eval-Freq" Comment="Evaluation frequency (in episodes). If zero then only training episodes will be run" Default="10"/>
    <DOUBLE-VALUE Name="Progress-Update-Freq" Comment="Progress update frequency (seconds)" Default="1.0"/>
    <DOUBLE-VALUE Name="Episode-Length" Comment="Length of an episode(seconds)" Default="10.0"/>
  </CLASS>
  <CLASS Name="DiscreteFeatureMap">
  </CLASS>
  <CLASS Name="GaussianRBFGridFeatureMap">
  </CLASS>
  <CLASS Name="TileCodingFeatureMap">
    <INTEGER-VALUE Name="Num-Tiles" Comment="Number of tile layers of the grid" Default="5"/>
    <DOUBLE-VALUE Name="Tile-Offset" Comment="Offset of each tile relative to the previous one. It is scaled by the value range of the input variable" Default="0.05"/>
  </CLASS>
  <CLASS Name="FeatureMap">
    <INTEGER-VALUE Name="Num-Features-Per-Dimension" Comment="Number of features per input variable" Default="20"/>
  </CLASS>
  <CLASS Name="StateFeatureMap">
    <MULTI-VALUED Name="Input-State" Class="STATE-VAR-REF" Comment="State variables used as input of the feature map"/>
    <INTEGER-VALUE Name="Num-Features-Per-Dimension" Comment="Number of features per input variable" Default="20"/>
    <BRANCH Name="Feature-Mapper" Class="FeatureMapper-Factory" Comment="The feature calculator used to map/unmap features"/>
  </CLASS>
  <CLASS Name="ActionFeatureMap">
    <MULTI-VALUED Name="Input-Action" Class="ACTION-VAR-REF" Comment="Action variables used as input of the feature map"/>
    <INTEGER-VALUE Name="Num-Features-Per-Dimension" Comment="Number of features per input variable" Default="20"/>
    <BRANCH Name="Feature-Mapper" Class="FeatureMapper-Factory" Comment="The feature calculator used to map/unmap features"/>
  </CLASS>
  <CLASS Name="FeatureMapper-Factory">
    <CHOICE Name="Type" Class="FeatureMapper" Comment="Feature map type">
      <CHOICE-ELEMENT Name="Discrete-Grid" Class="DiscreteFeatureMap"/>
      <CHOICE-ELEMENT Name="Gaussian-RBF-Grid" Class="GaussianRBFGridFeatureMap"/>
      <CHOICE-ELEMENT Name="Tile-Coding" Class="TileCodingFeatureMap"/>
    </CHOICE>
  </CLASS>
  <CLASS Name="Logger">
    <INTEGER-VALUE Name="Num-Functions-Logged" Comment="How many times per experiment save logged functions" Default="10"/>
    <DOUBLE-VALUE Name="Log-Freq" Comment="Log frequency. Simulation time in seconds." Default="0.25"/>
    <BOOL-VALUE Name="Log-Eval-Episodes" Comment="Log evaluation episodes?" Default="true"/>
    <BOOL-VALUE Name="Log-Training-Episodes" Comment="Log training episodes?" Default="false"/>
    <BOOL-VALUE Name="Log-Functions" Comment="Log functions learned?" Default="true"/>
  </CLASS>
  <CLASS Name="GaussianNoise">
    <DOUBLE-VALUE Name="Sigma" Comment="Width of the gaussian bell" Default="1.0"/>
    <DOUBLE-VALUE Name="Alpha" Comment="Low-pass first-order filter's gain [0...1]. 1=no filter" Default="1.0"/>
    <BRANCH Name="Scale" Class="NumericValue-Factory" Comment="Scale factor applied to the noise signal before adding it to the policy's output"/>
  </CLASS>
  <CLASS Name="SinusoidalNoise">
    <DOUBLE-VALUE Name="Time-Frequency" Comment="Frequency of the signal in 1/simulation seconds" Default="0.5"/>
    <BRANCH Name="Amplitude-Scale" Class="NumericValue-Factory" Comment="Scaling factor applied to the sinusoidal"/>
  </CLASS>
  <CLASS Name="OrnsteinUhlenbeckNoise">
    <DOUBLE-VALUE Name="Mu" Comment="Mean value of the generated noise" Default="0.0"/>
    <DOUBLE-VALUE Name="Sigma" Comment="Degree of volatility around it caused by shocks" Default="0.0"/>
    <DOUBLE-VALUE Name="Theta" Comment="Rate by which noise shocks dissipate and the variable reverts towards the mean" Default="0.0"/>
    <BRANCH Name="Scale" Class="NumericValue-Factory" Comment="Scale factor applied to the noise signal before adding it to the policy's output"/>
  </CLASS>
  <CLASS Name="Noise-Factory">
    <CHOICE Name="Noise" Class="Noise" Comment="Noise type">
      <CHOICE-ELEMENT Name="GaussianNoise" Class="GaussianNoise"/>
      <CHOICE-ELEMENT Name="SinusoidalNoise" Class="SinusoidalNoise"/>
      <CHOICE-ELEMENT Name="Ornstein-Uhlenbeck" Class="OrnsteinUhlenbeckNoise"/>
    </CHOICE>
  </CLASS>
  <CLASS Name="ConstantValue">
    <DOUBLE-VALUE Name="Value" Comment="Constant value" Default="0.0"/>
  </CLASS>
  <CLASS Name="SimpleEpisodeLinearSchedule">
    <DOUBLE-VALUE Name="Initial-Value" Comment="Value at the beginning of the experiment" Default="0.1"/>
    <DOUBLE-VALUE Name="End-Value" Comment="Value at the end of the experiment" Default="0.0"/>
  </CLASS>
  <CLASS Name="InterpolatedValue">
    <DOUBLE-VALUE Name="Start-Offset" Comment="Normalized time from which the schedule will begin [0...1]" Default="0.0"/>
    <DOUBLE-VALUE Name="End-Offset" Comment="Normalized time at which the schedule will end and only return the End-Value [0...1]" Default="1.0"/>
    <DOUBLE-VALUE Name="Pre-Offset-Value" Comment="Output value before the schedule begins" Default="0.1"/>
    <DOUBLE-VALUE Name="Initial-Value" Comment="Output value at the beginning of the schedule" Default="0.1"/>
    <DOUBLE-VALUE Name="End-Value" Comment="Output value at the end of the schedule" Default="0.0"/>
    <DOUBLE-VALUE Name="Evaluation-Value" Comment="Output value during evaluation episodes" Default="0.0"/>
    <ENUM-VALUE Name="Interpolation" Class="Interpolation" Comment="Interpolation type" Default="linear"/>
    <ENUM-VALUE Name="Time-reference" Class="TimeReference" Comment="The time-reference type" Default="experiment"/>
  </CLASS>
  <CLASS Name="BhatnagarSchedule">
    <DOUBLE-VALUE Name="Alpha-0" Comment="Alpha-0 parameter in Bhatnagar's schedule" Default="1.0"/>
    <DOUBLE-VALUE Name="Alpha-c" Comment="Alpha-c parameter in Bhatnagar's schedule" Default="1.0"/>
    <DOUBLE-VALUE Name="Time-Exponent" Comment="Time exponent in Bhatnagar's schedule" Default="1.0"/>
    <DOUBLE-VALUE Name="Evaluation-Value" Comment="Output value during evaluation episodes" Default="0.0"/>
    <ENUM-VALUE Name="Time-reference" Class="TimeReference" Comment="The time reference" Default="episode"/>
  </CLASS>
  <CLASS Name="WireConnection">
    <Wire Name="Wire" Comment="Wire connection from which the value comes"/>
  </CLASS>
  <CLASS Name="NumericValue-Factory">
    <CHOICE Name="Schedule" Class="NumericValue" Comment="Schedule-type">
      <CHOICE-ELEMENT Name="Constant" Class="ConstantValue"/>
      <CHOICE-ELEMENT Name="Linear-Schedule" Class="InterpolatedValue"/>
      <CHOICE-ELEMENT Name="Simple-Linear-Decay" Class="SimpleEpisodeLinearSchedule"/>
      <CHOICE-ELEMENT Name="Bhatnagar-Schedule" Class="BhatnagarSchedule"/>
      <CHOICE-ELEMENT Name="Wire-Connection" Class="WireConnection"/>
    </CHOICE>
  </CLASS>
  <CLASS Name="STATE_VARIABLE">
  </CLASS>
  <CLASS Name="ACTION_VARIABLE">
  </CLASS>
  <CLASS Name="WIRE_CONNECTION">
  </CLASS>
  <CLASS Name="NN_DEFINITION">
  </CLASS>
  <CLASS Name="PolicyLearner">
    <BRANCH Name="Policy" Class="Policy-Factory" Comment="The policy to be learned"/>
  </CLASS>
  <CLASS Name="PolicyLearner-Factory">
    <CHOICE Name="Policy-Learner" Class="PolicyLearner" Comment="The algorithm used to learn the policy">
      <CHOICE-ELEMENT Name="CACLA" Class="CACLALearner"/>
      <CHOICE-ELEMENT Name="Regular-Gradient" Class="RegularPolicyGradientLearner"/>
    </CHOICE>
  </CLASS>
  <CLASS Name="QEGreedyPolicy">
    <BRANCH Name="Epsilon" Class="NumericValue-Factory" Comment="The epsilon parameter that balances exploitation and exploration"/>
  </CLASS>
  <CLASS Name="QSoftMaxPolicy">
    <BRANCH Name="Tau" Class="NumericValue-Factory" Comment="Temperature parameter"/>
  </CLASS>
  <CLASS Name="GreedyQPlusNoisePolicy">
    <MULTI-VALUED Name="Noise" Class="Noise-Factory" Comment="Noise signal added to the typical greedy action selection. The number of noise signals should match the number of actions in the action feature amp"/>
  </CLASS>
  <CLASS Name="QLearningCritic">
    <BRANCH Name="Q-Function" Class="LinearStateActionVFA" Comment="The parameterization of the Q-Function"/>
    <BRANCH Name="E-Traces" Class="ETraces" Comment="E-Traces" Optional="True"/>
    <BRANCH Name="Alpha" Class="NumericValue-Factory" Comment="The learning gain [0-1]"/>
  </CLASS>
  <CLASS Name="QLearning">
    <BRANCH Name="Policy" Class="QPolicy-Factory" Comment="The policy to be followed"/>
    <BRANCH Name="Q-Function" Class="LinearStateActionVFA" Comment="The parameterization of the Q-Function"/>
    <BRANCH Name="E-Traces" Class="ETraces" Comment="E-Traces" Optional="True"/>
    <BRANCH Name="Alpha" Class="NumericValue-Factory" Comment="The learning gain [0-1]"/>
  </CLASS>
  <CLASS Name="DoubleQLearning">
    <BRANCH Name="Policy" Class="QPolicy-Factory" Comment="The policy to be followed"/>
    <BRANCH Name="Q-Function" Class="LinearStateActionVFA" Comment="The parameterization of the Q-Function"/>
    <BRANCH Name="E-Traces" Class="ETraces" Comment="E-Traces" Optional="True"/>
    <BRANCH Name="Alpha" Class="NumericValue-Factory" Comment="The learning gain [0-1]"/>
  </CLASS>
  <CLASS Name="SARSA">
    <BRANCH Name="Policy" Class="QPolicy-Factory" Comment="The policy to be followed"/>
    <BRANCH Name="Q-Function" Class="LinearStateActionVFA" Comment="The parameterization of the Q-Function"/>
    <BRANCH Name="E-Traces" Class="ETraces" Comment="E-Traces" Optional="True"/>
    <BRANCH Name="Alpha" Class="NumericValue-Factory" Comment="The learning gain [0-1]"/>
  </CLASS>
  <CLASS Name="QPolicy-Factory">
    <CHOICE Name="Policy" Class="QPolicy" Comment="The exploration policy used to learn">
      <CHOICE-ELEMENT Name="Epsilon-Greedy" Class="QEGreedyPolicy"/>
      <CHOICE-ELEMENT Name="Soft-Max" Class="QSoftMaxPolicy"/>
      <CHOICE-ELEMENT Name="Greedy-Q-Plus-Noise" Class="GreedyQPlusNoisePolicy"/>
    </CHOICE>
  </CLASS>
  <CLASS Name="SimGod">
    <INTEGER-VALUE Name="Target-Function-Update-Freq" Comment="Update frequency at which target functions will be updated. Only used if Freeze-Target-Function=true" Default="100"/>
    <DOUBLE-VALUE Name="Gamma" Comment="Gamma parameter" Default="0.9"/>
    <BOOL-VALUE Name="Freeze-Target-Function" Comment="Defers updates on the V-functions to improve stability" Default="false"/>
    <BOOL-VALUE Name="Use-Importance-Weights" Comment="Use sample importance weights to allow off-policy learning -experimental-" Default="false"/>
    <BRANCH Name="State-Feature-Map" Class="StateFeatureMap" Comment="The state feature map" Optional="True"/>
    <BRANCH Name="Action-Feature-Map" Class="ActionFeatureMap" Comment="The state feature map" Optional="True"/>
    <BRANCH Name="Experience-Replay" Class="ExperienceReplay" Comment="The experience replay parameters" Optional="True"/>
    <MULTI-VALUED Name="Simion" Class="Simion-Factory" Comment="Simions: learning agents and controllers"/>
  </CLASS>
  <CLASS Name="Simion-Factory">
    <CHOICE Name="Type" Class="Simion" Comment="The Simion class">
      <CHOICE-ELEMENT Name="Controller" Class="Controller-Factory"/>
      <CHOICE-ELEMENT Name="Actor-Critic" Class="ActorCritic"/>
      <CHOICE-ELEMENT Name="Q-Learning" Class="QLearning"/>
      <CHOICE-ELEMENT Name="Double-Q-Learning" Class="DoubleQLearning"/>
      <CHOICE-ELEMENT Name="SARSA" Class="SARSA"/>
      <CHOICE-ELEMENT Name="Inc-Natural-Actor-Critic" Class="IncrementalNaturalActorCritic"/>
      <CHOICE-ELEMENT Name="Off-Policy-Actor-Critic" Class="OffPolicyActorCritic"/>
      <CHOICE-ELEMENT Name="DQN" Class="DQN"/>
      <CHOICE-ELEMENT Name="Double-DQN" Class="DoubleDQN"/>
      <CHOICE-ELEMENT Name="DDPG" Class="DDPG"/>
    </CHOICE>
  </CLASS>
  <CLASS Name="Policy">
    <ACTION-VAR-REF Name="Output-Action" Comment="The output action variable"/>
  </CLASS>
  <CLASS Name="DeterministicPolicy">
    <ACTION-VAR-REF Name="Output-Action" Comment="The output action variable"/>
  </CLASS>
  <CLASS Name="StochasticPolicy">
    <ACTION-VAR-REF Name="Output-Action" Comment="The output action variable"/>
  </CLASS>
  <CLASS Name="DeterministicPolicyGaussianNoise">
    <ACTION-VAR-REF Name="Output-Action" Comment="The output action variable"/>
    <BRANCH Name="Deterministic-Policy-VFA" Class="LinearStateVFA" Comment="The parameterized VFA that approximates the function"/>
    <BRANCH Name="Exploration-Noise" Class="Noise-Factory" Comment="Parameters of the noise used as exploration"/>
  </CLASS>
  <CLASS Name="StochasticGaussianPolicy">
    <ACTION-VAR-REF Name="Output-Action" Comment="The output action variable"/>
    <BRANCH Name="Mean-VFA" Class="LinearStateVFA" Comment="The parameterized VFA that approximates the function"/>
    <BRANCH Name="Sigma-VFA" Class="LinearStateVFA" Comment="The parameterized VFA that approximates variance(s)"/>
  </CLASS>
  <CLASS Name="Policy-Factory">
    <CHOICE Name="Policy" Class="Policy" Comment="The policy type">
      <CHOICE-ELEMENT Name="Deterministic-Policy-Gaussian-Noise" Class="DeterministicPolicyGaussianNoise"/>
      <CHOICE-ELEMENT Name="Stochastic-Policy-Gaussian-Noise" Class="StochasticGaussianPolicy"/>
    </CHOICE>
  </CLASS>
  <CLASS Name="LinearStateVFA">
    <DOUBLE-VALUE Name="Init-Value" Comment="The initial value given to the weights on initialization" Default="0.0"/>
  </CLASS>
  <CLASS Name="LinearStateActionVFA">
    <DOUBLE-VALUE Name="Init-Value" Comment="The initial value given to the weights on initialization" Default="0.0"/>
  </CLASS>
  <CLASS Name="BalancingPole" World="Balancing-pole">
    <STATE-VAR Name="x" Min="-3" Max="3" Unit="m"/>
    <STATE-VAR Name="x_dot" Min="-1" Max="1" Unit="m/s"/>
    <STATE-VAR Name="theta" Min="-0.22" Max="0.22" Unit="rad"/>
    <STATE-VAR Name="theta_dot" Min="-1" Max="1" Unit="rad/s"/>
    <ACTION-VAR Name="force" Min="-10" Max="10" Unit="N"/>
  </CLASS>
  <CLASS Name="DoublePendulum" World="Double-pendulum">
    <STATE-VAR Name="theta_1" Min="-3.14159265358979" Max="3.14159265358979" Unit="rad"/>
    <STATE-VAR Name="theta_1-dot" Min="-10" Max="10" Unit="rad/s"/>
    <STATE-VAR Name="theta_2" Min="-3.14159265358979" Max="3.14159265358979" Unit="rad"/>
    <STATE-VAR Name="theta_2-dot" Min="-10" Max="10" Unit="rad/s"/>
    <ACTION-VAR Name="torque_1" Min="-8.5" Max="8.5" Unit="Nm"/>
    <ACTION-VAR Name="torque_2" Min="-8.5" Max="8.5" Unit="Nm"/>
    <CONSTANT Name="s_1"/>
    <CONSTANT Name="s_2"/>
    <CONSTANT Name="m_1"/>
    <CONSTANT Name="m_2"/>
    <CONSTANT Name="g"/>
  </CLASS>
  <CLASS Name="FASTWindTurbine" World="FAST-Wind-turbine">
    <MULTI-VALUED Name="Training-Mean-Wind-Speeds" Class="DOUBLE-VALUE" Comment="Mean wind speeds used in training episodes" Default="12.5"/>
    <MULTI-VALUED Name="Evaluation-Mean-Wind-Speeds" Class="DOUBLE-VALUE" Comment="Mean wind speeds in evaluation episodes" Default="12.5"/>
    <STATE-VAR Name="T_a" Min="0" Max="10000000" Unit="N/m"/>
    <STATE-VAR Name="P_a" Min="0" Max="16000000" Unit="W"/>
    <STATE-VAR Name="P_s" Min="0" Max="6000000" Unit="W"/>
    <STATE-VAR Name="P_e" Min="0" Max="10000000" Unit="W"/>
    <STATE-VAR Name="E_p" Min="-10000000" Max="10000000" Unit="W"/>
    <STATE-VAR Name="v" Min="1" Max="50" Unit="m/s"/>
    <STATE-VAR Name="omega_r" Min="0" Max="6" Unit="rad/s"/>
    <STATE-VAR Name="d_omega_r" Min="-10" Max="10" Unit="rad/s^2"/>
    <STATE-VAR Name="E_omega_r" Min="-4" Max="4" Unit="rad/s"/>
    <STATE-VAR Name="omega_g" Min="0" Max="200" Unit="rad/s"/>
    <STATE-VAR Name="d_omega_g" Min="-50" Max="50" Unit="rad/s^2"/>
    <STATE-VAR Name="E_omega_g" Min="-122" Max="122" Unit="rad/s"/>
    <STATE-VAR Name="beta" Min="0" Max="1.570796" Unit="rad"/>
    <STATE-VAR Name="d_beta" Min="-0.1396263" Max="0.1396263" Unit="rad/s"/>
    <STATE-VAR Name="T_g" Min="0" Max="47402.91" Unit="N/m"/>
    <STATE-VAR Name="d_T_g" Min="-15000" Max="15000" Unit="N/m/s"/>
    <STATE-VAR Name="E_int_omega_r" Min="-1000000" Max="1000000" Unit="rad/s"/>
    <STATE-VAR Name="E_int_omega_g" Min="-1000000" Max="1000000" Unit="rad/s"/>
    <STATE-VAR Name="theta" Min="-3.1415" Max="3.1415" Unit="rad"/>
    <ACTION-VAR Name="beta" Min="0" Max="1.570796" Unit="rad"/>
    <ACTION-VAR Name="T_g" Min="0" Max="47402.91" Unit="N/m"/>
    <CONSTANT Name="RatedPower"/>
    <CONSTANT Name="HubHeight"/>
    <CONSTANT Name="CutInWindSpeed"/>
    <CONSTANT Name="RatedWindSpeed"/>
    <CONSTANT Name="CutOutWindSpeed"/>
    <CONSTANT Name="CutInRotorSpeed"/>
    <CONSTANT Name="CutOutRotorSpeed"/>
    <CONSTANT Name="RatedRotorSpeed"/>
    <CONSTANT Name="RatedTipSpeed"/>
    <CONSTANT Name="RatedGeneratorSpeed"/>
    <CONSTANT Name="RatedGeneratorTorque"/>
    <CONSTANT Name="GearBoxRatio"/>
    <CONSTANT Name="ElectricalGeneratorEfficiency"/>
    <CONSTANT Name="TotalTurbineInertia"/>
    <CONSTANT Name="GeneratorInertia"/>
    <CONSTANT Name="HubInertia"/>
    <CONSTANT Name="TotalTurbineTorsionalDamping"/>
    <CONSTANT Name="RotorDiameter"/>
    <CONSTANT Name="AirDensity"/>
  </CLASS>
  <CLASS Name="MountainCar" World="Mountain-car">
    <STATE-VAR Name="position" Min="-1.2" Max="0.6" Unit="m"/>
    <STATE-VAR Name="velocity" Min="-0.07" Max="0.07" Unit="m/s"/>
    <STATE-VAR Name="height" Min="-1" Max="1" Unit="m"/>
    <STATE-VAR Name="angle" Min="-3.1415" Max="3.1415" Unit="rad"/>
    <ACTION-VAR Name="pedal" Min="-1" Max="1" Unit="m"/>
  </CLASS>
  <CLASS Name="PitchControl" World="Pitch-control">
    <FILE-PATH-VALUE Name="Set-Point-File" Comment="The setpoint file" Default="../config/world/pitch-control/setpoint.txt"/>
    <STATE-VAR Name="setpoint-pitch" Min="-3.14159265" Max="3.14159265" Unit="rad"/>
    <STATE-VAR Name="attack-angle" Min="-3.14159265" Max="3.14159265" Unit="rad"/>
    <STATE-VAR Name="pitch" Min="-3.14159265" Max="3.14159265" Unit="rad"/>
    <STATE-VAR Name="pitch-rate" Min="-0.1" Max="0.1" Unit="rad/s"/>
    <STATE-VAR Name="control-deviation" Min="-6.5" Max="6.5" Unit="rad"/>
    <ACTION-VAR Name="pitch" Min="-1.4" Max="1.4" Unit="rad"/>
  </CLASS>
  <CLASS Name="PullBox1" World="Pull-Box-1">
    <STATE-VAR Name="target-x" Min="-20" Max="20" Unit="m"/>
    <STATE-VAR Name="target-y" Min="-20" Max="20" Unit="m"/>
    <STATE-VAR Name="robot1-x" Min="-20" Max="20" Unit="m"/>
    <STATE-VAR Name="robot1-y" Min="-20" Max="20" Unit="m"/>
    <STATE-VAR Name="box-x" Min="-20" Max="20" Unit="m"/>
    <STATE-VAR Name="box-y" Min="-20" Max="20" Unit="m"/>
    <STATE-VAR Name="robot1-theta" Min="-3.15" Max="3.15" Unit="rad"/>
    <STATE-VAR Name="box-theta" Min="-3.15" Max="3.15" Unit="rad"/>
    <STATE-VAR Name="box-to-target-x" Min="-20" Max="20" Unit="m"/>
    <STATE-VAR Name="box-to-target-y" Min="-20" Max="20" Unit="m"/>
    <STATE-VAR Name="robot1-to-box-x" Min="-6" Max="6" Unit="m"/>
    <STATE-VAR Name="robot1-to-box-y" Min="-6" Max="6" Unit="m"/>
    <ACTION-VAR Name="robot1-v" Min="-2" Max="2" Unit="m/s"/>
    <ACTION-VAR Name="robot1-omega" Min="-8" Max="8" Unit="rad/s"/>
  </CLASS>
  <CLASS Name="PullBox2" World="Pull-Box-2">
    <STATE-VAR Name="target-x" Min="-20" Max="20" Unit="m"/>
    <STATE-VAR Name="target-y" Min="-20" Max="20" Unit="m"/>
    <STATE-VAR Name="robot1-x" Min="-20" Max="20" Unit="m"/>
    <STATE-VAR Name="robot1-y" Min="-20" Max="20" Unit="m"/>
    <STATE-VAR Name="robot2-x" Min="-20" Max="20" Unit="m"/>
    <STATE-VAR Name="robot2-y" Min="-20" Max="20" Unit="m"/>
    <STATE-VAR Name="box-x" Min="-20" Max="20" Unit="m"/>
    <STATE-VAR Name="box-y" Min="-20" Max="20" Unit="m"/>
    <STATE-VAR Name="robot1-theta" Min="-3.15" Max="3.15" Unit="rad"/>
    <STATE-VAR Name="robot2-theta" Min="-3.15" Max="3.15" Unit="rad"/>
    <STATE-VAR Name="box-theta" Min="-3.15" Max="3.15" Unit="rad"/>
    <STATE-VAR Name="box-to-target-x" Min="-20" Max="20" Unit="m"/>
    <STATE-VAR Name="box-to-target-y" Min="-20" Max="20" Unit="m"/>
    <STATE-VAR Name="robot1-to-box-x" Min="-6" Max="6" Unit="m"/>
    <STATE-VAR Name="robot1-to-box-y" Min="-6" Max="6" Unit="m"/>
    <STATE-VAR Name="robot2-to-box-x" Min="-6" Max="6" Unit="m"/>
    <STATE-VAR Name="robot2-to-box-y" Min="-6" Max="6" Unit="m"/>
    <ACTION-VAR Name="robot1-v" Min="-2" Max="2" Unit="m/s"/>
    <ACTION-VAR Name="robot1-omega" Min="-8" Max="8" Unit="rad/s"/>
    <ACTION-VAR Name="robot2-v" Min="-2" Max="2" Unit="m/s"/>
    <ACTION-VAR Name="robot2-omega" Min="-8" Max="8" Unit="rad/s"/>
  </CLASS>
  <CLASS Name="PushBox1" World="Push-Box-1">
    <STATE-VAR Name="target-x" Min="-20" Max="20" Unit="m"/>
    <STATE-VAR Name="target-y" Min="-20" Max="20" Unit="m"/>
    <STATE-VAR Name="robot1-x" Min="-10" Max="10" Unit="m"/>
    <STATE-VAR Name="robot1-y" Min="-10" Max="10" Unit="m"/>
    <STATE-VAR Name="box-x" Min="-10" Max="10" Unit="m"/>
    <STATE-VAR Name="box-y" Min="-10" Max="10" Unit="m"/>
    <STATE-VAR Name="robot1-to-box-x" Min="-10" Max="10" Unit="m"/>
    <STATE-VAR Name="robot1-to-box-y" Min="-10" Max="10" Unit="m"/>
    <STATE-VAR Name="box-to-target-x" Min="-10" Max="10" Unit="m"/>
    <STATE-VAR Name="box-to-target-y" Min="-10" Max="10" Unit="m"/>
    <STATE-VAR Name="robot1-theta" Min="-3.15" Max="3.15" Unit="rad"/>
    <STATE-VAR Name="box-theta" Min="-3.15" Max="3.15" Unit="rad"/>
    <ACTION-VAR Name="robot1-v" Min="-2" Max="2" Unit="m/s"/>
    <ACTION-VAR Name="robot1-omega" Min="-8" Max="8" Unit="rad/s"/>
  </CLASS>
  <CLASS Name="PushBox2" World="Push-Box-2">
    <STATE-VAR Name="target-x" Min="-20" Max="20" Unit="m"/>
    <STATE-VAR Name="target-y" Min="-20" Max="20" Unit="m"/>
    <STATE-VAR Name="robot1-x" Min="-20" Max="20" Unit="m"/>
    <STATE-VAR Name="robot1-y" Min="-20" Max="20" Unit="m"/>
    <STATE-VAR Name="robot2-x" Min="-20" Max="20" Unit="m"/>
    <STATE-VAR Name="robot2-y" Min="-20" Max="20" Unit="m"/>
    <STATE-VAR Name="box-x" Min="-20" Max="20" Unit="m"/>
    <STATE-VAR Name="box-y" Min="-20" Max="20" Unit="m"/>
    <STATE-VAR Name="robot1-to-box-x" Min="-20" Max="20" Unit="m"/>
    <STATE-VAR Name="robot1-to-box-y" Min="-20" Max="20" Unit="m"/>
    <STATE-VAR Name="robot2-to-box-x" Min="-20" Max="20" Unit="m"/>
    <STATE-VAR Name="robot2-to-box-y" Min="-20" Max="20" Unit="m"/>
    <STATE-VAR Name="box-to-target-x" Min="-20" Max="20" Unit="m"/>
    <STATE-VAR Name="box-to-target-y" Min="-20" Max="20" Unit="m"/>
    <STATE-VAR Name="robot1-theta" Min="-3.15" Max="3.15" Unit="rad"/>
    <STATE-VAR Name="robot2-theta" Min="-3.15" Max="3.15" Unit="rad"/>
    <STATE-VAR Name="box-theta" Min="-3.15" Max="3.15" Unit="rad"/>
    <ACTION-VAR Name="robot1-v" Min="-2" Max="2" Unit="m/s"/>
    <ACTION-VAR Name="robot1-omega" Min="-8" Max="8" Unit="rad/s"/>
    <ACTION-VAR Name="robot2-v" Min="-2" Max="2" Unit="m/s"/>
    <ACTION-VAR Name="robot2-omega" Min="-8" Max="8" Unit="rad/s"/>
  </CLASS>
  <CLASS Name="RainCar" World="Rain-car">
    <STATE-VAR Name="position" Min="0" Max="50" Unit="m"/>
    <STATE-VAR Name="velocity" Min="-5" Max="5" Unit="m/s"/>
    <STATE-VAR Name="position-deviation" Min="-25" Max="25" Unit="m"/>
    <ACTION-VAR Name="acceleration" Min="-1" Max="1" Unit="m"/>
    <CONSTANT Name="goal-position"/>
  </CLASS>
  <CLASS Name="RobotControl" World="Robot-control">
    <STATE-VAR Name="target-x" Min="-20" Max="20" Unit="m"/>
    <STATE-VAR Name="target-y" Min="-20" Max="20" Unit="m"/>
    <STATE-VAR Name="robot1-x" Min="-20" Max="20" Unit="m"/>
    <STATE-VAR Name="robot1-y" Min="-20" Max="20" Unit="m"/>
    <STATE-VAR Name="robot1-theta" Min="-3.1415" Max="3.1415" Unit="rad"/>
    <ACTION-VAR Name="robot1-v" Min="-2" Max="2" Unit="m/s"/>
    <ACTION-VAR Name="robot1-omega" Min="-8" Max="8" Unit="rad"/>
  </CLASS>
  <CLASS Name="SwingupPendulum" World="Swing-up-pendulum">
    <STATE-VAR Name="angle" Min="-3.14159265358979" Max="3.14159265358979" Unit="rad"/>
    <STATE-VAR Name="angular-velocity" Min="-25" Max="25" Unit="rad/s"/>
    <ACTION-VAR Name="torque" Min="-2" Max="2" Unit="Nm"/>
  </CLASS>
  <CLASS Name="UnderwaterVehicle" World="Underwater-vehicle">
    <FILE-PATH-VALUE Name="Set-Point-File" Comment="The setpoint file" Default="../config/world/underwater-vehicle/setpoint.txt"/>
    <STATE-VAR Name="v-setpoint" Min="-5" Max="5" Unit="m/s"/>
    <STATE-VAR Name="v" Min="-5" Max="5" Unit="m/s"/>
    <STATE-VAR Name="v-deviation" Min="-10" Max="10" Unit="m/s"/>
    <ACTION-VAR Name="u-thrust" Min="-30" Max="30" Unit="N"/>
  </CLASS>
  <CLASS Name="WindTurbine" World="Wind-turbine">
    <FILE-PATH-VALUE Name="Evaluation-Wind-Data" Comment="The wind file used for evaluation" Default="../config/world/wind-turbine/TurbSim-10.25.hh"/>
    <FILE-PATH-VALUE Name="Power-Set-Point" Comment="The power setpoint file" Default="../config/world/wind-turbine/power-setpoint.txt"/>
    <MULTI-VALUED Name="Training-Wind-Data" Class="FILE-PATH-VALUE" Comment="The wind files used for training" Default="../config/world/wind-turbine/TurbSim-10.5.hh"/>
    <STATE-VAR Name="T_a" Min="0" Max="10000000" Unit="N/m"/>
    <STATE-VAR Name="P_a" Min="0" Max="16000000" Unit="W"/>
    <STATE-VAR Name="P_s" Min="0" Max="6000000" Unit="W"/>
    <STATE-VAR Name="P_e" Min="0" Max="10000000" Unit="W"/>
    <STATE-VAR Name="E_p" Min="-10000000" Max="10000000" Unit="W"/>
    <STATE-VAR Name="v" Min="1" Max="50" Unit="m/s"/>
    <STATE-VAR Name="omega_r" Min="0" Max="6" Unit="rad/s"/>
    <STATE-VAR Name="d_omega_r" Min="-10" Max="10" Unit="rad/s^2"/>
    <STATE-VAR Name="E_omega_r" Min="-4" Max="4" Unit="rad/s"/>
    <STATE-VAR Name="omega_g" Min="0" Max="200" Unit="rad/s"/>
    <STATE-VAR Name="d_omega_g" Min="-50" Max="50" Unit="rad/s^2"/>
    <STATE-VAR Name="E_omega_g" Min="-122" Max="122" Unit="rad/s"/>
    <STATE-VAR Name="beta" Min="0" Max="1.570796" Unit="rad"/>
    <STATE-VAR Name="d_beta" Min="-0.1396263" Max="0.1396263" Unit="rad/s"/>
    <STATE-VAR Name="T_g" Min="0" Max="47402.91" Unit="N/m"/>
    <STATE-VAR Name="d_T_g" Min="-15000" Max="15000" Unit="N/m/s"/>
    <STATE-VAR Name="E_int_omega_r" Min="-1000000" Max="1000000" Unit="rad/s"/>
    <STATE-VAR Name="E_int_omega_g" Min="-1000000" Max="1000000" Unit="rad/s"/>
    <STATE-VAR Name="theta" Min="-3.1415" Max="3.1415" Unit="rad"/>
    <ACTION-VAR Name="beta" Min="0" Max="1.570796" Unit="rad"/>
    <ACTION-VAR Name="T_g" Min="0" Max="47402.91" Unit="N/m"/>
    <CONSTANT Name="RatedPower"/>
    <CONSTANT Name="HubHeight"/>
    <CONSTANT Name="CutInWindSpeed"/>
    <CONSTANT Name="RatedWindSpeed"/>
    <CONSTANT Name="CutOutWindSpeed"/>
    <CONSTANT Name="CutInRotorSpeed"/>
    <CONSTANT Name="CutOutRotorSpeed"/>
    <CONSTANT Name="RatedRotorSpeed"/>
    <CONSTANT Name="RatedTipSpeed"/>
    <CONSTANT Name="RatedGeneratorSpeed"/>
    <CONSTANT Name="RatedGeneratorTorque"/>
    <CONSTANT Name="GearBoxRatio"/>
    <CONSTANT Name="ElectricalGeneratorEfficiency"/>
    <CONSTANT Name="TotalTurbineInertia"/>
    <CONSTANT Name="GeneratorInertia"/>
    <CONSTANT Name="HubInertia"/>
    <CONSTANT Name="TotalTurbineTorsionalDamping"/>
    <CONSTANT Name="RotorDiameter"/>
    <CONSTANT Name="AirDensity"/>
  </CLASS>
  <CLASS Name="World">
    <INTEGER-VALUE Name="Num-Integration-Steps" Comment="The number of integration steps performed each simulation time-step" Default="4"/>
    <DOUBLE-VALUE Name="Delta-T" Comment="The delta-time between simulation steps" Default="0.01"/>
    <BRANCH Name="Dynamic-Model" Class="DynamicModel-Factory" Comment="The dynamic model"/>
  </CLASS>
  <CLASS Name="DynamicModel-Factory">
    <CHOICE Name="Model" Class="DynamicModel" Comment="The world">
      <CHOICE-ELEMENT Name="Wind-turbine" Class="WindTurbine" BadgerMetadata="World=Wind-turbine"/>
      <CHOICE-ELEMENT Name="FAST-Wind-turbine" Class="FASTWindTurbine" BadgerMetadata="World=FAST-Wind-turbine"/>
      <CHOICE-ELEMENT Name="Underwater-vehicle" Class="UnderwaterVehicle" BadgerMetadata="World=Underwater-vehicle"/>
      <CHOICE-ELEMENT Name="Pitch-control" Class="PitchControl" BadgerMetadata="World=Pitch-control"/>
      <CHOICE-ELEMENT Name="Balancing-pole" Class="BalancingPole" BadgerMetadata="World=Balancing-pole"/>
      <CHOICE-ELEMENT Name="Push-Box-2" Class="PushBox2" BadgerMetadata="World=Push-Box-2"/>
      <CHOICE-ELEMENT Name="Push-Box-1" Class="PushBox1" BadgerMetadata="World=Push-Box-1"/>
      <CHOICE-ELEMENT Name="Robot-control" Class="RobotControl" BadgerMetadata="World=Robot-control"/>
      <CHOICE-ELEMENT Name="Pull-Box-2" Class="PullBox2" BadgerMetadata="World=Pull-Box-2"/>
      <CHOICE-ELEMENT Name="Pull-Box-1" Class="PullBox1" BadgerMetadata="World=Pull-Box-1"/>
      <CHOICE-ELEMENT Name="Mountain-car" Class="MountainCar" BadgerMetadata="World=Mountain-car"/>
      <CHOICE-ELEMENT Name="Swing-up-pendulum" Class="SwingupPendulum" BadgerMetadata="World=Swing-up-pendulum"/>
      <CHOICE-ELEMENT Name="Double-pendulum" Class="DoublePendulum" BadgerMetadata="World=Double-pendulum"/>
      <CHOICE-ELEMENT Name="Rain-car" Class="RainCar" BadgerMetadata="World=Rain-car"/>
    </CHOICE>
  </CLASS>
  <ENUMERATION Name="Distribution">
    <ENUM-VALUE>linear</ENUM-VALUE>
    <ENUM-VALUE>quadratic</ENUM-VALUE>
    <ENUM-VALUE>cubic</ENUM-VALUE>
  </ENUMERATION>
  <ENUMERATION Name="Interpolation">
    <ENUM-VALUE>linear</ENUM-VALUE>
    <ENUM-VALUE>quadratic</ENUM-VALUE>
    <ENUM-VALUE>cubic</ENUM-VALUE>
  </ENUMERATION>
  <ENUMERATION Name="TimeReference">
    <ENUM-VALUE>episode</ENUM-VALUE>
    <ENUM-VALUE>experiment</ENUM-VALUE>
  </ENUMERATION>
</DEFINITIONS>